[{"model": "admin.logentry", "pk": 1, "fields": {"action_time": "2024-11-25T02:04:02.032", "user": 1, "content_type": 7, "object_id": "2", "object_repr": "  ", "action_flag": 1, "change_message": "[{\"added\": {}}]"}}, {"model": "admin.logentry", "pk": 2, "fields": {"action_time": "2024-11-25T02:04:30.829", "user": 1, "content_type": 7, "object_id": "2", "object_repr": "Adams Abu ", "action_flag": 2, "change_message": "[{\"changed\": {\"fields\": [\"First name\", \"Last name\", \"Email address\"]}}]"}}, {"model": "admin.logentry", "pk": 3, "fields": {"action_time": "2024-11-26T00:38:46.894", "user": 1, "content_type": 10, "object_id": "1", "object_repr": "OrderItem object (1)", "action_flag": 1, "change_message": "[{\"added\": {}}]"}}, {"model": "admin.logentry", "pk": 4, "fields": {"action_time": "2024-11-26T00:39:03.459", "user": 1, "content_type": 10, "object_id": "1", "object_repr": "OrderItem object (1)", "action_flag": 2, "change_message": "[]"}}, {"model": "admin.logentry", "pk": 5, "fields": {"action_time": "2024-11-26T00:40:10.666", "user": 1, "content_type": 10, "object_id": "2", "object_repr": "OrderItem object (2)", "action_flag": 1, "change_message": "[{\"added\": {}}]"}}, {"model": "admin.logentry", "pk": 6, "fields": {"action_time": "2024-11-26T00:40:28.432", "user": 1, "content_type": 10, "object_id": "3", "object_repr": "OrderItem object (3)", "action_flag": 1, "change_message": "[{\"added\": {}}]"}}, {"model": "admin.logentry", "pk": 7, "fields": {"action_time": "2024-11-26T00:40:43.622", "user": 1, "content_type": 10, "object_id": "4", "object_repr": "OrderItem object (4)", "action_flag": 1, "change_message": "[{\"added\": {}}]"}}, {"model": "admin.logentry", "pk": 8, "fields": {"action_time": "2024-11-26T00:41:39.676", "user": 1, "content_type": 10, "object_id": "4", "object_repr": "OrderItem object (4)", "action_flag": 3, "change_message": ""}}, {"model": "admin.logentry", "pk": 9, "fields": {"action_time": "2024-11-26T00:41:39.676", "user": 1, "content_type": 10, "object_id": "3", "object_repr": "OrderItem object (3)", "action_flag": 3, "change_message": ""}}, {"model": "admin.logentry", "pk": 10, "fields": {"action_time": "2024-11-26T00:41:39.676", "user": 1, "content_type": 10, "object_id": "2", "object_repr": "OrderItem object (2)", "action_flag": 3, "change_message": ""}}, {"model": "admin.logentry", "pk": 11, "fields": {"action_time": "2024-11-26T00:41:39.676", "user": 1, "content_type": 10, "object_id": "1", "object_repr": "OrderItem object (1)", "action_flag": 3, "change_message": ""}}, {"model": "admin.logentry", "pk": 12, "fields": {"action_time": "2024-12-05T23:04:58.035", "user": 1, "content_type": 7, "object_id": "3", "object_repr": "  ", "action_flag": 1, "change_message": "[{\"added\": {}}]"}}, {"model": "admin.logentry", "pk": 13, "fields": {"action_time": "2024-12-05T23:08:08.946", "user": 1, "content_type": 7, "object_id": "3", "object_repr": "Emma Sam ", "action_flag": 2, "change_message": "[{\"changed\": {\"fields\": [\"First name\", \"Last name\"]}}]"}}, {"model": "auth.permission", "pk": 1, "fields": {"name": "Can add log entry", "content_type": 1, "codename": "add_logentry"}}, {"model": "auth.permission", "pk": 2, "fields": {"name": "Can change log entry", "content_type": 1, "codename": "change_logentry"}}, {"model": "auth.permission", "pk": 3, "fields": {"name": "Can delete log entry", "content_type": 1, "codename": "delete_logentry"}}, {"model": "auth.permission", "pk": 4, "fields": {"name": "Can view log entry", "content_type": 1, "codename": "view_logentry"}}, {"model": "auth.permission", "pk": 5, "fields": {"name": "Can add permission", "content_type": 2, "codename": "add_permission"}}, {"model": "auth.permission", "pk": 6, "fields": {"name": "Can change permission", "content_type": 2, "codename": "change_permission"}}, {"model": "auth.permission", "pk": 7, "fields": {"name": "Can delete permission", "content_type": 2, "codename": "delete_permission"}}, {"model": "auth.permission", "pk": 8, "fields": {"name": "Can view permission", "content_type": 2, "codename": "view_permission"}}, {"model": "auth.permission", "pk": 9, "fields": {"name": "Can add group", "content_type": 3, "codename": "add_group"}}, {"model": "auth.permission", "pk": 10, "fields": {"name": "Can change group", "content_type": 3, "codename": "change_group"}}, {"model": "auth.permission", "pk": 11, "fields": {"name": "Can delete group", "content_type": 3, "codename": "delete_group"}}, {"model": "auth.permission", "pk": 12, "fields": {"name": "Can view group", "content_type": 3, "codename": "view_group"}}, {"model": "auth.permission", "pk": 13, "fields": {"name": "Can add content type", "content_type": 4, "codename": "add_contenttype"}}, {"model": "auth.permission", "pk": 14, "fields": {"name": "Can change content type", "content_type": 4, "codename": "change_contenttype"}}, {"model": "auth.permission", "pk": 15, "fields": {"name": "Can delete content type", "content_type": 4, "codename": "delete_contenttype"}}, {"model": "auth.permission", "pk": 16, "fields": {"name": "Can view content type", "content_type": 4, "codename": "view_contenttype"}}, {"model": "auth.permission", "pk": 17, "fields": {"name": "Can add session", "content_type": 5, "codename": "add_session"}}, {"model": "auth.permission", "pk": 18, "fields": {"name": "Can change session", "content_type": 5, "codename": "change_session"}}, {"model": "auth.permission", "pk": 19, "fields": {"name": "Can delete session", "content_type": 5, "codename": "delete_session"}}, {"model": "auth.permission", "pk": 20, "fields": {"name": "Can view session", "content_type": 5, "codename": "view_session"}}, {"model": "auth.permission", "pk": 21, "fields": {"name": "Can add product category", "content_type": 6, "codename": "add_productcategory"}}, {"model": "auth.permission", "pk": 22, "fields": {"name": "Can change product category", "content_type": 6, "codename": "change_productcategory"}}, {"model": "auth.permission", "pk": 23, "fields": {"name": "Can delete product category", "content_type": 6, "codename": "delete_productcategory"}}, {"model": "auth.permission", "pk": 24, "fields": {"name": "Can view product category", "content_type": 6, "codename": "view_productcategory"}}, {"model": "auth.permission", "pk": 25, "fields": {"name": "Can add user", "content_type": 7, "codename": "add_customuser"}}, {"model": "auth.permission", "pk": 26, "fields": {"name": "Can change user", "content_type": 7, "codename": "change_customuser"}}, {"model": "auth.permission", "pk": 27, "fields": {"name": "Can delete user", "content_type": 7, "codename": "delete_customuser"}}, {"model": "auth.permission", "pk": 28, "fields": {"name": "Can view user", "content_type": 7, "codename": "view_customuser"}}, {"model": "auth.permission", "pk": 29, "fields": {"name": "Can add product", "content_type": 8, "codename": "add_product"}}, {"model": "auth.permission", "pk": 30, "fields": {"name": "Can change product", "content_type": 8, "codename": "change_product"}}, {"model": "auth.permission", "pk": 31, "fields": {"name": "Can delete product", "content_type": 8, "codename": "delete_product"}}, {"model": "auth.permission", "pk": 32, "fields": {"name": "Can view product", "content_type": 8, "codename": "view_product"}}, {"model": "auth.permission", "pk": 33, "fields": {"name": "Can add transaction", "content_type": 9, "codename": "add_transaction"}}, {"model": "auth.permission", "pk": 34, "fields": {"name": "Can change transaction", "content_type": 9, "codename": "change_transaction"}}, {"model": "auth.permission", "pk": 35, "fields": {"name": "Can delete transaction", "content_type": 9, "codename": "delete_transaction"}}, {"model": "auth.permission", "pk": 36, "fields": {"name": "Can view transaction", "content_type": 9, "codename": "view_transaction"}}, {"model": "auth.permission", "pk": 37, "fields": {"name": "Can add order item", "content_type": 10, "codename": "add_orderitem"}}, {"model": "auth.permission", "pk": 38, "fields": {"name": "Can change order item", "content_type": 10, "codename": "change_orderitem"}}, {"model": "auth.permission", "pk": 39, "fields": {"name": "Can delete order item", "content_type": 10, "codename": "delete_orderitem"}}, {"model": "auth.permission", "pk": 40, "fields": {"name": "Can view order item", "content_type": 10, "codename": "view_orderitem"}}, {"model": "auth.permission", "pk": 41, "fields": {"name": "Can add receiver email", "content_type": 11, "codename": "add_receiveremail"}}, {"model": "auth.permission", "pk": 42, "fields": {"name": "Can change receiver email", "content_type": 11, "codename": "change_receiveremail"}}, {"model": "auth.permission", "pk": 43, "fields": {"name": "Can delete receiver email", "content_type": 11, "codename": "delete_receiveremail"}}, {"model": "auth.permission", "pk": 44, "fields": {"name": "Can view receiver email", "content_type": 11, "codename": "view_receiveremail"}}, {"model": "auth.permission", "pk": 45, "fields": {"name": "Can add low stock notification", "content_type": 12, "codename": "add_lowstocknotification"}}, {"model": "auth.permission", "pk": 46, "fields": {"name": "Can change low stock notification", "content_type": 12, "codename": "change_lowstocknotification"}}, {"model": "auth.permission", "pk": 47, "fields": {"name": "Can delete low stock notification", "content_type": 12, "codename": "delete_lowstocknotification"}}, {"model": "auth.permission", "pk": 48, "fields": {"name": "Can view low stock notification", "content_type": 12, "codename": "view_lowstocknotification"}}, {"model": "contenttypes.contenttype", "pk": 1, "fields": {"app_label": "admin", "model": "logentry"}}, {"model": "contenttypes.contenttype", "pk": 2, "fields": {"app_label": "auth", "model": "permission"}}, {"model": "contenttypes.contenttype", "pk": 3, "fields": {"app_label": "auth", "model": "group"}}, {"model": "contenttypes.contenttype", "pk": 4, "fields": {"app_label": "contenttypes", "model": "contenttype"}}, {"model": "contenttypes.contenttype", "pk": 5, "fields": {"app_label": "sessions", "model": "session"}}, {"model": "contenttypes.contenttype", "pk": 6, "fields": {"app_label": "inventory_app", "model": "productcategory"}}, {"model": "contenttypes.contenttype", "pk": 7, "fields": {"app_label": "inventory_app", "model": "customuser"}}, {"model": "contenttypes.contenttype", "pk": 8, "fields": {"app_label": "inventory_app", "model": "product"}}, {"model": "contenttypes.contenttype", "pk": 9, "fields": {"app_label": "inventory_app", "model": "transaction"}}, {"model": "contenttypes.contenttype", "pk": 10, "fields": {"app_label": "inventory_app", "model": "orderitem"}}, {"model": "contenttypes.contenttype", "pk": 11, "fields": {"app_label": "inventory_app", "model": "receiveremail"}}, {"model": "contenttypes.contenttype", "pk": 12, "fields": {"app_label": "inventory_app", "model": "lowstocknotification"}}, {"model": "sessions.session", "pk": "1d81834w6kfqnt6lt4s8ci8abk6ltjv3", "fields": {"session_data": ".eJxVjEEOwiAQRe_C2hAGKKUu3XsGMsMMUjVtUtqV8e7apAvd_vfef6mE21rT1mRJI6uzsur0uxHmh0w74DtOt1nneVqXkfSu6IM2fZ1ZnpfD_Tuo2Oq3zh4tGROs7wmNQ0Aq3MNgCIYOiA1EP4TMBcSDkIPYObaRQ3QSxRX1_gDcdDe4:1tNNJr:zSJ5V5fIG5e7Q2WGWbBSXwli3crlOfT3x04M6Yc0Dcc", "expire_date": "2024-12-31T03:28:19.719"}}, {"model": "sessions.session", "pk": "ek6232jxkk7nte52tspy34yf7g1hcg1b", "fields": {"session_data": ".eJxVjEEOwiAQRe_C2hAGKKUu3XsGMsMMUjVtUtqV8e7apAvd_vfef6mE21rT1mRJI6uzsur0uxHmh0w74DtOt1nneVqXkfSu6IM2fZ1ZnpfD_Tuo2Oq3zh4tGROs7wmNQ0Aq3MNgCIYOiA1EP4TMBcSDkIPYObaRQ3QSxRX1_gDcdDe4:1tNNJs:sn2KQTuwvrojWK1Re5ym4LjmMyxVxRJrelEvKoaHm4U", "expire_date": "2024-12-31T03:28:20.386"}}, {"model": "inventory_app.customuser", "pk": 1, "fields": {"password": "bcrypt_sha256$$2b$12$txImPCzmxxdHJ7PWof8.UuXgD1tgkmvwe9MEYYqMtpVgyKyDRQ1g.", "last_login": "2024-12-17T17:58:35.667", "is_superuser": true, "username": "admin", "email": "admin@gmail.com", "is_staff": true, "is_active": true, "date_joined": "2024-11-25T02:02:32.839", "role": "cashier", "first_name": "", "last_name": "", "groups": [], "user_permissions": []}}, {"model": "inventory_app.customuser", "pk": 2, "fields": {"password": "bcrypt_sha256$$2b$12$DU7zfR5YW.ZxJctes6cCke26QFlRoxsYBdwmgDq30eYbMoZ0EXy5K", "last_login": "2024-12-17T17:43:13.842", "is_superuser": false, "username": "Employee25", "email": "abu@gmail.com", "is_staff": false, "is_active": true, "date_joined": "2024-11-25T02:03:59", "role": "cashier", "first_name": "Adams", "last_name": "Abu", "groups": [], "user_permissions": []}}, {"model": "inventory_app.productcategory", "pk": 1, "fields": {"name": "Drink"}}, {"model": "inventory_app.productcategory", "pk": 2, "fields": {"name": "snacks"}}, {"model": "inventory_app.productcategory", "pk": 3, "fields": {"name": "Accessories"}}, {"model": "inventory_app.product", "pk": 3, "fields": {"name": "Nutrimilk", "category": 1, "price": "650.00", "quantity": 103, "low_stock_threshold": 10, "created_at": "2024-11-25T13:44:57.633", "updated_at": "2024-12-16T18:02:44.109"}}, {"model": "inventory_app.product", "pk": 5, "fields": {"name": "Choco Rings Biscuit--Carton", "category": 2, "price": "5500.00", "quantity": 13, "low_stock_threshold": 10, "created_at": "2024-11-25T13:47:15.283", "updated_at": "2024-12-17T09:25:52.340"}}, {"model": "inventory_app.product", "pk": 6, "fields": {"name": "Gala Snack--Carton", "category": 2, "price": "9500.00", "quantity": 5, "low_stock_threshold": 10, "created_at": "2024-11-25T13:47:56.242", "updated_at": "2024-12-17T17:57:08.894"}}, {"model": "inventory_app.product", "pk": 7, "fields": {"name": "Chocolate Biscuit--carton", "category": 2, "price": "12500.00", "quantity": 20, "low_stock_threshold": 5, "created_at": "2024-11-25T13:48:56.674", "updated_at": "2024-12-14T21:38:46.003"}}, {"model": "inventory_app.product", "pk": 8, "fields": {"name": "Arammo EarPiece", "category": 3, "price": "4500.00", "quantity": 8, "low_stock_threshold": 5, "created_at": "2024-11-25T13:50:08.670", "updated_at": "2024-12-17T09:25:52.613"}}, {"model": "inventory_app.product", "pk": 9, "fields": {"name": "Ring Light", "category": 3, "price": "24000.00", "quantity": 3, "low_stock_threshold": 5, "created_at": "2024-11-25T13:51:06.334", "updated_at": "2024-12-16T18:49:41.434"}}, {"model": "inventory_app.product", "pk": 10, "fields": {"name": "Oculus VR Set", "category": 3, "price": "1200000.00", "quantity": 4, "low_stock_threshold": 2, "created_at": "2024-11-25T13:52:03.995", "updated_at": "2024-12-17T17:58:07.841"}}, {"model": "inventory_app.product", "pk": 11, "fields": {"name": "Meatpie", "category": 2, "price": "1200.00", "quantity": 25, "low_stock_threshold": 10, "created_at": "2024-11-27T07:19:33.235", "updated_at": "2024-12-14T21:37:33.523"}}, {"model": "inventory_app.product", "pk": 12, "fields": {"name": "coke--pack", "category": 1, "price": "5500.00", "quantity": 15, "low_stock_threshold": 10, "created_at": "2024-11-29T19:10:49.005", "updated_at": "2024-12-14T21:39:09.345"}}, {"model": "inventory_app.product", "pk": 13, "fields": {"name": "banana", "category": 2, "price": "450.00", "quantity": 4, "low_stock_threshold": 10, "created_at": "2024-12-01T13:58:23.870", "updated_at": "2024-12-17T02:51:30.435"}}, {"model": "inventory_app.product", "pk": 14, "fields": {"name": "peanut--50g", "category": 2, "price": "350.00", "quantity": 0, "low_stock_threshold": 10, "created_at": "2024-12-01T13:59:26.722", "updated_at": "2024-12-17T17:59:46.143"}}, {"model": "inventory_app.product", "pk": 15, "fields": {"name": "arammo Headset", "category": 3, "price": "8500.00", "quantity": 2, "low_stock_threshold": 10, "created_at": "2024-12-01T14:00:38.607", "updated_at": "2024-12-17T17:58:07.491"}}, {"model": "inventory_app.product", "pk": 16, "fields": {"name": "iphone11", "category": 3, "price": "750000.00", "quantity": 3, "low_stock_threshold": 10, "created_at": "2024-12-04T23:41:21.317", "updated_at": "2024-12-16T18:54:10.763"}}, {"model": "inventory_app.transaction", "pk": 3, "fields": {"product": 5, "quantity": 6, "transaction_type": "REMOVE", "employee": 2, "timestamp": "2024-11-25T13:53:20.538"}}, {"model": "inventory_app.transaction", "pk": 4, "fields": {"product": 10, "quantity": 1, "transaction_type": "REMOVE", "employee": 2, "timestamp": "2024-11-25T13:58:45.512"}}, {"model": "inventory_app.transaction", "pk": 5, "fields": {"product": 9, "quantity": 1, "transaction_type": "REMOVE", "employee": 2, "timestamp": "2024-11-25T13:58:45.861"}}, {"model": "inventory_app.transaction", "pk": 6, "fields": {"product": 8, "quantity": 1, "transaction_type": "REMOVE", "employee": 2, "timestamp": "2024-11-25T13:58:46.194"}}, {"model": "inventory_app.transaction", "pk": 9, "fields": {"product": 5, "quantity": 50, "transaction_type": "REMOVE", "employee": 2, "timestamp": "2024-11-26T00:25:34.518"}}, {"model": "inventory_app.transaction", "pk": 11, "fields": {"product": 8, "quantity": 12, "transaction_type": "REMOVE", "employee": 2, "timestamp": "2024-11-26T00:26:46.501"}}, {"model": "inventory_app.transaction", "pk": 14, "fields": {"product": 3, "quantity": 32, "transaction_type": "REMOVE", "employee": 2, "timestamp": "2024-11-26T02:03:18.954"}}, {"model": "inventory_app.transaction", "pk": 15, "fields": {"product": 10, "quantity": 1, "transaction_type": "REMOVE", "employee": 2, "timestamp": "2024-11-26T02:05:26.598"}}, {"model": "inventory_app.transaction", "pk": 16, "fields": {"product": 3, "quantity": 30, "transaction_type": "REMOVE", "employee": 2, "timestamp": "2024-11-27T20:14:21.546"}}, {"model": "inventory_app.transaction", "pk": 17, "fields": {"product": 8, "quantity": 30, "transaction_type": "REMOVE", "employee": 2, "timestamp": "2024-11-27T20:25:28.027"}}, {"model": "inventory_app.transaction", "pk": 18, "fields": {"product": 5, "quantity": 10, "transaction_type": "REMOVE", "employee": 2, "timestamp": "2024-11-27T20:25:59.316"}}, {"model": "inventory_app.transaction", "pk": 19, "fields": {"product": 5, "quantity": 74, "transaction_type": "REMOVE", "employee": 2, "timestamp": "2024-11-27T20:28:01.672"}}, {"model": "inventory_app.transaction", "pk": 20, "fields": {"product": 10, "quantity": 5, "transaction_type": "REMOVE", "employee": 2, "timestamp": "2024-11-28T03:44:47.877"}}, {"model": "inventory_app.transaction", "pk": 21, "fields": {"product": 11, "quantity": 21, "transaction_type": "REMOVE", "employee": 2, "timestamp": "2024-11-28T04:12:06.458"}}, {"model": "inventory_app.transaction", "pk": 22, "fields": {"product": 7, "quantity": 22, "transaction_type": "REMOVE", "employee": 2, "timestamp": "2024-11-28T05:38:35.089"}}, {"model": "inventory_app.transaction", "pk": 23, "fields": {"product": 3, "quantity": 15, "transaction_type": "REMOVE", "employee": 2, "timestamp": "2024-11-28T12:56:36.963"}}, {"model": "inventory_app.transaction", "pk": 24, "fields": {"product": 3, "quantity": 12, "transaction_type": "REMOVE", "employee": 2, "timestamp": "2024-11-28T12:57:19.927"}}, {"model": "inventory_app.transaction", "pk": 25, "fields": {"product": 3, "quantity": 10, "transaction_type": "REMOVE", "employee": 2, "timestamp": "2024-11-28T12:57:49.831"}}, {"model": "inventory_app.transaction", "pk": 26, "fields": {"product": 3, "quantity": 9, "transaction_type": "REMOVE", "employee": 2, "timestamp": "2024-11-28T12:58:10.418"}}, {"model": "inventory_app.transaction", "pk": 27, "fields": {"product": 9, "quantity": 1, "transaction_type": "REMOVE", "employee": 2, "timestamp": "2024-11-28T18:34:14.905"}}, {"model": "inventory_app.transaction", "pk": 28, "fields": {"product": 6, "quantity": 50, "transaction_type": "REMOVE", "employee": 2, "timestamp": "2024-11-28T18:34:40.135"}}, {"model": "inventory_app.transaction", "pk": 29, "fields": {"product": 6, "quantity": 25, "transaction_type": "REMOVE", "employee": 2, "timestamp": "2024-11-28T18:35:13.217"}}, {"model": "inventory_app.transaction", "pk": 30, "fields": {"product": 9, "quantity": 12, "transaction_type": "REMOVE", "employee": 2, "timestamp": "2024-11-28T18:36:16.012"}}, {"model": "inventory_app.transaction", "pk": 31, "fields": {"product": 6, "quantity": 11, "transaction_type": "REMOVE", "employee": 2, "timestamp": "2024-11-28T18:36:16.365"}}, {"model": "inventory_app.transaction", "pk": 32, "fields": {"product": 7, "quantity": 5, "transaction_type": "REMOVE", "employee": 2, "timestamp": "2024-11-29T18:50:52.230"}}, {"model": "inventory_app.transaction", "pk": 33, "fields": {"product": 6, "quantity": 7, "transaction_type": "REMOVE", "employee": 2, "timestamp": "2024-11-29T18:50:52.620"}}, {"model": "inventory_app.transaction", "pk": 34, "fields": {"product": 5, "quantity": 16, "transaction_type": "REMOVE", "employee": 2, "timestamp": "2024-11-29T18:53:51.670"}}, {"model": "inventory_app.transaction", "pk": 35, "fields": {"product": 10, "quantity": 1, "transaction_type": "REMOVE", "employee": 2, "timestamp": "2024-11-29T18:54:32.716"}}, {"model": "inventory_app.transaction", "pk": 36, "fields": {"product": 8, "quantity": 10, "transaction_type": "REMOVE", "employee": 2, "timestamp": "2024-11-29T18:54:33.108"}}, {"model": "inventory_app.transaction", "pk": 37, "fields": {"product": 12, "quantity": 120, "transaction_type": "REMOVE", "employee": 2, "timestamp": "2024-11-29T19:11:22.052"}}, {"model": "inventory_app.transaction", "pk": 38, "fields": {"product": 7, "quantity": 1, "transaction_type": "REMOVE", "employee": 2, "timestamp": "2024-11-29T22:00:19.592"}}, {"model": "inventory_app.transaction", "pk": 39, "fields": {"product": 3, "quantity": 1, "transaction_type": "REMOVE", "employee": 2, "timestamp": "2024-11-30T07:11:35.784"}}, {"model": "inventory_app.transaction", "pk": 40, "fields": {"product": 12, "quantity": 2, "transaction_type": "REMOVE", "employee": 2, "timestamp": "2024-11-30T07:12:37.762"}}, {"model": "inventory_app.transaction", "pk": 41, "fields": {"product": 13, "quantity": 50, "transaction_type": "ADD", "employee": 1, "timestamp": "2024-12-01T13:58:24.053"}}, {"model": "inventory_app.transaction", "pk": 42, "fields": {"product": 14, "quantity": 500, "transaction_type": "ADD", "employee": 1, "timestamp": "2024-12-01T13:59:27.087"}}, {"model": "inventory_app.transaction", "pk": 43, "fields": {"product": 15, "quantity": 25, "transaction_type": "ADD", "employee": 1, "timestamp": "2024-12-01T14:00:39.077"}}, {"model": "inventory_app.transaction", "pk": 44, "fields": {"product": 15, "quantity": 9, "transaction_type": "REMOVE", "employee": 2, "timestamp": "2024-12-02T21:03:36.058"}}, {"model": "inventory_app.transaction", "pk": 45, "fields": {"product": 8, "quantity": 25, "transaction_type": "REMOVE", "employee": 2, "timestamp": "2024-12-02T21:04:17.909"}}, {"model": "inventory_app.transaction", "pk": 46, "fields": {"product": 14, "quantity": 235, "transaction_type": "REMOVE", "employee": 2, "timestamp": "2024-12-02T21:04:49.055"}}, {"model": "inventory_app.transaction", "pk": 47, "fields": {"product": 13, "quantity": 10, "transaction_type": "REMOVE", "employee": 2, "timestamp": "2024-12-02T21:05:59.693"}}, {"model": "inventory_app.transaction", "pk": 48, "fields": {"product": 7, "quantity": 16, "transaction_type": "REMOVE", "employee": 2, "timestamp": "2024-12-02T21:06:52.011"}}, {"model": "inventory_app.transaction", "pk": 49, "fields": {"product": 5, "quantity": 5, "transaction_type": "REMOVE", "employee": 2, "timestamp": "2024-12-02T21:06:52.360"}}, {"model": "inventory_app.transaction", "pk": 50, "fields": {"product": 5, "quantity": 1, "transaction_type": "REMOVE", "employee": 2, "timestamp": "2024-12-04T23:08:12.667"}}, {"model": "inventory_app.transaction", "pk": 51, "fields": {"product": 5, "quantity": 1, "transaction_type": "REMOVE", "employee": 2, "timestamp": "2024-12-04T23:10:12.827"}}, {"model": "inventory_app.transaction", "pk": 52, "fields": {"product": 10, "quantity": 2, "transaction_type": "REMOVE", "employee": 2, "timestamp": "2024-12-04T23:10:13.120"}}, {"model": "inventory_app.transaction", "pk": 53, "fields": {"product": 14, "quantity": 1, "transaction_type": "REMOVE", "employee": 2, "timestamp": "2024-12-04T23:13:17.023"}}, {"model": "inventory_app.transaction", "pk": 54, "fields": {"product": 10, "quantity": 1, "transaction_type": "REMOVE", "employee": 2, "timestamp": "2024-12-04T23:15:45.852"}}, {"model": "inventory_app.transaction", "pk": 55, "fields": {"product": 16, "quantity": 45, "transaction_type": "ADD", "employee": 1, "timestamp": "2024-12-04T23:41:21.549"}}, {"model": "inventory_app.transaction", "pk": 56, "fields": {"product": 5, "quantity": 100, "transaction_type": "UPDATE", "employee": 1, "timestamp": "2024-12-05T00:22:18.382"}}, {"model": "inventory_app.transaction", "pk": 57, "fields": {"product": 5, "quantity": 15, "transaction_type": "REMOVE", "employee": 2, "timestamp": "2024-12-06T00:36:14.669"}}, {"model": "inventory_app.transaction", "pk": 58, "fields": {"product": 6, "quantity": 6, "transaction_type": "REMOVE", "employee": 2, "timestamp": "2024-12-06T00:36:15.016"}}, {"model": "inventory_app.transaction", "pk": 59, "fields": {"product": 15, "quantity": 3, "transaction_type": "REMOVE", "employee": 2, "timestamp": "2024-12-06T00:36:15.631"}}, {"model": "inventory_app.transaction", "pk": 60, "fields": {"product": 10, "quantity": 2, "transaction_type": "REMOVE", "employee": 2, "timestamp": "2024-12-06T00:36:16.115"}}, {"model": "inventory_app.transaction", "pk": 61, "fields": {"product": 16, "quantity": 22, "transaction_type": "REMOVE", "employee": 2, "timestamp": "2024-12-06T00:36:16.400"}}, {"model": "inventory_app.transaction", "pk": 62, "fields": {"product": 13, "quantity": 3, "transaction_type": "REMOVE", "employee": 2, "timestamp": "2024-12-06T08:51:05.740"}}, {"model": "inventory_app.transaction", "pk": 63, "fields": {"product": 5, "quantity": 4, "transaction_type": "REMOVE", "employee": 2, "timestamp": "2024-12-06T08:51:29.628"}}, {"model": "inventory_app.transaction", "pk": 64, "fields": {"product": 12, "quantity": 7, "transaction_type": "REMOVE", "employee": 2, "timestamp": "2024-12-07T12:11:12.409"}}, {"model": "inventory_app.transaction", "pk": 65, "fields": {"product": 12, "quantity": 6, "transaction_type": "REMOVE", "employee": 2, "timestamp": "2024-12-07T12:11:43.449"}}, {"model": "inventory_app.transaction", "pk": 66, "fields": {"product": 11, "quantity": 1, "transaction_type": "REMOVE", "employee": 2, "timestamp": "2024-12-07T12:29:04.220"}}, {"model": "inventory_app.transaction", "pk": 67, "fields": {"product": 12, "quantity": 30, "transaction_type": "UPDATE", "employee": 1, "timestamp": "2024-12-07T12:30:20.070"}}, {"model": "inventory_app.transaction", "pk": 68, "fields": {"product": 11, "quantity": 15, "transaction_type": "UPDATE", "employee": 1, "timestamp": "2024-12-07T12:30:43.351"}}, {"model": "inventory_app.transaction", "pk": 69, "fields": {"product": 11, "quantity": 15, "transaction_type": "REMOVE", "employee": 2, "timestamp": "2024-12-07T12:31:24.995"}}, {"model": "inventory_app.transaction", "pk": 70, "fields": {"product": 13, "quantity": 23, "transaction_type": "REMOVE", "employee": 2, "timestamp": "2024-12-07T12:34:04.629"}}, {"model": "inventory_app.transaction", "pk": 71, "fields": {"product": 11, "quantity": 60, "transaction_type": "UPDATE", "employee": 1, "timestamp": "2024-12-07T12:51:10.114"}}, {"model": "inventory_app.transaction", "pk": 72, "fields": {"product": 11, "quantity": 55, "transaction_type": "REMOVE", "employee": 2, "timestamp": "2024-12-07T12:51:53.959"}}, {"model": "inventory_app.transaction", "pk": 73, "fields": {"product": 15, "quantity": 1, "transaction_type": "REMOVE", "employee": 2, "timestamp": "2024-12-07T12:51:54.956"}}, {"model": "inventory_app.transaction", "pk": 74, "fields": {"product": 5, "quantity": 35, "transaction_type": "REMOVE", "employee": 2, "timestamp": "2024-12-07T14:16:30.808"}}, {"model": "inventory_app.transaction", "pk": 75, "fields": {"product": 7, "quantity": 5, "transaction_type": "REMOVE", "employee": 2, "timestamp": "2024-12-07T14:17:31.512"}}, {"model": "inventory_app.transaction", "pk": 76, "fields": {"product": 7, "quantity": 4, "transaction_type": "REMOVE", "employee": 2, "timestamp": "2024-12-07T14:18:02.661"}}, {"model": "inventory_app.transaction", "pk": 77, "fields": {"product": 12, "quantity": 15, "transaction_type": "REMOVE", "employee": 2, "timestamp": "2024-12-07T14:20:05.221"}}, {"model": "inventory_app.transaction", "pk": 78, "fields": {"product": 13, "quantity": 20, "transaction_type": "UPDATE", "employee": 1, "timestamp": "2024-12-14T21:37:03.271"}}, {"model": "inventory_app.transaction", "pk": 79, "fields": {"product": 11, "quantity": 25, "transaction_type": "UPDATE", "employee": 1, "timestamp": "2024-12-14T21:37:33.535"}}, {"model": "inventory_app.transaction", "pk": 80, "fields": {"product": 5, "quantity": 15, "transaction_type": "UPDATE", "employee": 1, "timestamp": "2024-12-14T21:38:27.136"}}, {"model": "inventory_app.transaction", "pk": 81, "fields": {"product": 7, "quantity": 20, "transaction_type": "UPDATE", "employee": 1, "timestamp": "2024-12-14T21:38:46.011"}}, {"model": "inventory_app.transaction", "pk": 82, "fields": {"product": 12, "quantity": 15, "transaction_type": "UPDATE", "employee": 1, "timestamp": "2024-12-14T21:39:09.356"}}, {"model": "inventory_app.transaction", "pk": 83, "fields": {"product": 15, "quantity": 22, "transaction_type": "UPDATE", "employee": 1, "timestamp": "2024-12-14T21:39:28.045"}}, {"model": "inventory_app.transaction", "pk": 84, "fields": {"product": 16, "quantity": 25, "transaction_type": "UPDATE", "employee": 1, "timestamp": "2024-12-14T21:39:53.716"}}, {"model": "inventory_app.transaction", "pk": 85, "fields": {"product": 6, "quantity": 15, "transaction_type": "UPDATE", "employee": 1, "timestamp": "2024-12-14T21:40:12.219"}}, {"model": "inventory_app.transaction", "pk": 86, "fields": {"product": 14, "quantity": 5, "transaction_type": "REMOVE", "employee": 2, "timestamp": "2024-12-14T22:05:05.423"}}, {"model": "inventory_app.transaction", "pk": 87, "fields": {"product": 8, "quantity": 3, "transaction_type": "REMOVE", "employee": 2, "timestamp": "2024-12-14T22:07:25.721"}}, {"model": "inventory_app.transaction", "pk": 88, "fields": {"product": 8, "quantity": 1, "transaction_type": "REMOVE", "employee": 2, "timestamp": "2024-12-16T11:23:15.658"}}, {"model": "inventory_app.transaction", "pk": 89, "fields": {"product": 14, "quantity": 1, "transaction_type": "REMOVE", "employee": 2, "timestamp": "2024-12-16T11:23:16.200"}}, {"model": "inventory_app.transaction", "pk": 90, "fields": {"product": 16, "quantity": 1, "transaction_type": "REMOVE", "employee": 2, "timestamp": "2024-12-16T11:23:16.733"}}, {"model": "inventory_app.transaction", "pk": 91, "fields": {"product": 3, "quantity": 103, "transaction_type": "UPDATE", "employee": 1, "timestamp": "2024-12-16T18:02:44.114"}}, {"model": "inventory_app.transaction", "pk": 92, "fields": {"product": 16, "quantity": 2, "transaction_type": "REMOVE", "employee": 2, "timestamp": "2024-12-16T18:44:43.094"}}, {"model": "inventory_app.transaction", "pk": 93, "fields": {"product": 10, "quantity": 1, "transaction_type": "REMOVE", "employee": 2, "timestamp": "2024-12-16T18:44:43.577"}}, {"model": "inventory_app.transaction", "pk": 94, "fields": {"product": 9, "quantity": 5, "transaction_type": "REMOVE", "employee": 2, "timestamp": "2024-12-16T18:44:43.898"}}, {"model": "inventory_app.transaction", "pk": 95, "fields": {"product": 16, "quantity": 2, "transaction_type": "REMOVE", "employee": 2, "timestamp": "2024-12-16T18:49:39.230"}}, {"model": "inventory_app.transaction", "pk": 96, "fields": {"product": 10, "quantity": 1, "transaction_type": "REMOVE", "employee": 2, "timestamp": "2024-12-16T18:49:39.745"}}, {"model": "inventory_app.transaction", "pk": 97, "fields": {"product": 9, "quantity": 5, "transaction_type": "REMOVE", "employee": 2, "timestamp": "2024-12-16T18:49:40.002"}}, {"model": "inventory_app.transaction", "pk": 98, "fields": {"product": 16, "quantity": 2, "transaction_type": "REMOVE", "employee": 2, "timestamp": "2024-12-16T18:51:33.392"}}, {"model": "inventory_app.transaction", "pk": 99, "fields": {"product": 10, "quantity": 1, "transaction_type": "REMOVE", "employee": 2, "timestamp": "2024-12-16T18:51:33.712"}}, {"model": "inventory_app.transaction", "pk": 100, "fields": {"product": 16, "quantity": 2, "transaction_type": "REMOVE", "employee": 2, "timestamp": "2024-12-16T18:52:01.533"}}, {"model": "inventory_app.transaction", "pk": 101, "fields": {"product": 10, "quantity": 1, "transaction_type": "REMOVE", "employee": 2, "timestamp": "2024-12-16T18:52:01.853"}}, {"model": "inventory_app.transaction", "pk": 102, "fields": {"product": 15, "quantity": 1, "transaction_type": "REMOVE", "employee": 2, "timestamp": "2024-12-16T18:52:02.184"}}, {"model": "inventory_app.transaction", "pk": 103, "fields": {"product": 16, "quantity": 2, "transaction_type": "REMOVE", "employee": 2, "timestamp": "2024-12-16T18:53:58.289"}}, {"model": "inventory_app.transaction", "pk": 104, "fields": {"product": 16, "quantity": 2, "transaction_type": "REMOVE", "employee": 2, "timestamp": "2024-12-16T18:54:09.921"}}, {"model": "inventory_app.transaction", "pk": 105, "fields": {"product": 15, "quantity": 1, "transaction_type": "REMOVE", "employee": 2, "timestamp": "2024-12-16T18:54:10.274"}}, {"model": "inventory_app.transaction", "pk": 106, "fields": {"product": 14, "quantity": 1, "transaction_type": "REMOVE", "employee": 2, "timestamp": "2024-12-16T18:56:42.617"}}, {"model": "inventory_app.transaction", "pk": 107, "fields": {"product": 13, "quantity": 10, "transaction_type": "REMOVE", "employee": 2, "timestamp": "2024-12-16T18:56:42.967"}}, {"model": "inventory_app.transaction", "pk": 108, "fields": {"product": 14, "quantity": 1, "transaction_type": "REMOVE", "employee": 2, "timestamp": "2024-12-16T18:58:30.137"}}, {"model": "inventory_app.transaction", "pk": 109, "fields": {"product": 14, "quantity": 1, "transaction_type": "REMOVE", "employee": 2, "timestamp": "2024-12-16T18:59:03.497"}}, {"model": "inventory_app.transaction", "pk": 110, "fields": {"product": 15, "quantity": 6, "transaction_type": "REMOVE", "employee": 2, "timestamp": "2024-12-16T18:59:04.127"}}, {"model": "inventory_app.transaction", "pk": 111, "fields": {"product": 14, "quantity": 1, "transaction_type": "REMOVE", "employee": 2, "timestamp": "2024-12-16T19:00:40.231"}}, {"model": "inventory_app.transaction", "pk": 112, "fields": {"product": 15, "quantity": 6, "transaction_type": "REMOVE", "employee": 2, "timestamp": "2024-12-16T19:00:40.616"}}, {"model": "inventory_app.transaction", "pk": 113, "fields": {"product": 10, "quantity": 5, "transaction_type": "UPDATE", "employee": 1, "timestamp": "2024-12-17T02:51:10.414"}}, {"model": "inventory_app.transaction", "pk": 114, "fields": {"product": 13, "quantity": 4, "transaction_type": "UPDATE", "employee": 1, "timestamp": "2024-12-17T02:51:30.521"}}, {"model": "inventory_app.transaction", "pk": 115, "fields": {"product": 15, "quantity": 5, "transaction_type": "UPDATE", "employee": 1, "timestamp": "2024-12-17T02:51:49.358"}}, {"model": "inventory_app.transaction", "pk": 116, "fields": {"product": 5, "quantity": 1, "transaction_type": "REMOVE", "employee": 2, "timestamp": "2024-12-17T09:25:51.556"}}, {"model": "inventory_app.transaction", "pk": 117, "fields": {"product": 8, "quantity": 1, "transaction_type": "REMOVE", "employee": 2, "timestamp": "2024-12-17T09:25:51.947"}}, {"model": "inventory_app.transaction", "pk": 118, "fields": {"product": 6, "quantity": 1, "transaction_type": "REMOVE", "employee": 2, "timestamp": "2024-12-17T17:57:08.065"}}, {"model": "inventory_app.transaction", "pk": 119, "fields": {"product": 15, "quantity": 3, "transaction_type": "REMOVE", "employee": 2, "timestamp": "2024-12-17T17:58:07.291"}}, {"model": "inventory_app.transaction", "pk": 120, "fields": {"product": 10, "quantity": 1, "transaction_type": "REMOVE", "employee": 2, "timestamp": "2024-12-17T17:58:07.661"}}, {"model": "inventory_app.transaction", "pk": 121, "fields": {"product": 14, "quantity": 7, "transaction_type": "REMOVE", "employee": 1, "timestamp": "2024-12-17T17:59:45.978"}}, {"model": "inventory_app.orderitem", "pk": 3, "fields": {"product": 3, "quantity": 32, "timestamp": "2024-11-26T02:03:19.503"}}, {"model": "inventory_app.orderitem", "pk": 4, "fields": {"product": 10, "quantity": 1, "timestamp": "2024-11-26T02:05:26.855"}}, {"model": "inventory_app.orderitem", "pk": 5, "fields": {"product": 8, "quantity": 30, "timestamp": "2024-11-27T20:25:28.351"}}, {"model": "inventory_app.orderitem", "pk": 6, "fields": {"product": 5, "quantity": 10, "timestamp": "2024-11-27T20:25:59.630"}}, {"model": "inventory_app.orderitem", "pk": 7, "fields": {"product": 11, "quantity": 21, "timestamp": "2024-11-28T04:12:06.867"}}, {"model": "inventory_app.orderitem", "pk": 8, "fields": {"product": 7, "quantity": 22, "timestamp": "2024-11-28T05:38:35.478"}}, {"model": "inventory_app.orderitem", "pk": 9, "fields": {"product": 3, "quantity": 15, "timestamp": "2024-11-28T12:56:37.692"}}, {"model": "inventory_app.orderitem", "pk": 10, "fields": {"product": 9, "quantity": 1, "timestamp": "2024-11-28T18:34:15.333"}}, {"model": "inventory_app.orderitem", "pk": 11, "fields": {"product": 6, "quantity": 50, "timestamp": "2024-11-28T18:34:40.431"}}, {"model": "inventory_app.orderitem", "pk": 12, "fields": {"product": 6, "quantity": 25, "timestamp": "2024-11-28T18:35:13.495"}}, {"model": "inventory_app.orderitem", "pk": 13, "fields": {"product": 9, "quantity": 12, "timestamp": "2024-11-28T18:36:16.656"}}, {"model": "inventory_app.orderitem", "pk": 14, "fields": {"product": 6, "quantity": 11, "timestamp": "2024-11-28T18:36:16.874"}}, {"model": "inventory_app.orderitem", "pk": 15, "fields": {"product": 7, "quantity": 5, "timestamp": "2024-11-29T18:50:52.921"}}, {"model": "inventory_app.orderitem", "pk": 16, "fields": {"product": 6, "quantity": 7, "timestamp": "2024-11-29T18:50:53.194"}}, {"model": "inventory_app.orderitem", "pk": 17, "fields": {"product": 5, "quantity": 16, "timestamp": "2024-11-29T18:53:52.048"}}, {"model": "inventory_app.orderitem", "pk": 18, "fields": {"product": 10, "quantity": 1, "timestamp": "2024-11-29T18:54:33.393"}}, {"model": "inventory_app.orderitem", "pk": 19, "fields": {"product": 8, "quantity": 10, "timestamp": "2024-11-29T18:54:33.661"}}, {"model": "inventory_app.orderitem", "pk": 20, "fields": {"product": 12, "quantity": 120, "timestamp": "2024-11-29T19:11:22.337"}}, {"model": "inventory_app.orderitem", "pk": 21, "fields": {"product": 7, "quantity": 1, "timestamp": "2024-11-29T22:00:19.938"}}, {"model": "inventory_app.orderitem", "pk": 22, "fields": {"product": 12, "quantity": 2, "timestamp": "2024-11-30T07:12:38.049"}}, {"model": "inventory_app.orderitem", "pk": 23, "fields": {"product": 15, "quantity": 9, "timestamp": "2024-12-02T21:03:36.573"}}, {"model": "inventory_app.orderitem", "pk": 24, "fields": {"product": 8, "quantity": 25, "timestamp": "2024-12-02T21:04:18.245"}}, {"model": "inventory_app.orderitem", "pk": 25, "fields": {"product": 14, "quantity": 235, "timestamp": "2024-12-02T21:04:49.369"}}, {"model": "inventory_app.orderitem", "pk": 26, "fields": {"product": 13, "quantity": 10, "timestamp": "2024-12-02T21:06:00.166"}}, {"model": "inventory_app.orderitem", "pk": 27, "fields": {"product": 7, "quantity": 16, "timestamp": "2024-12-02T21:06:52.941"}}, {"model": "inventory_app.orderitem", "pk": 28, "fields": {"product": 5, "quantity": 5, "timestamp": "2024-12-02T21:06:53.261"}}, {"model": "inventory_app.orderitem", "pk": 29, "fields": {"product": 5, "quantity": 1, "timestamp": "2024-12-04T23:08:13.239"}}, {"model": "inventory_app.orderitem", "pk": 30, "fields": {"product": 14, "quantity": 1, "timestamp": "2024-12-04T23:13:17.398"}}, {"model": "inventory_app.orderitem", "pk": 31, "fields": {"product": 5, "quantity": 15, "timestamp": "2024-12-06T00:36:16.782"}}, {"model": "inventory_app.orderitem", "pk": 32, "fields": {"product": 6, "quantity": 6, "timestamp": "2024-12-06T00:36:17.549"}}, {"model": "inventory_app.orderitem", "pk": 33, "fields": {"product": 15, "quantity": 3, "timestamp": "2024-12-06T00:36:17.840"}}, {"model": "inventory_app.orderitem", "pk": 34, "fields": {"product": 10, "quantity": 2, "timestamp": "2024-12-06T00:36:18.416"}}, {"model": "inventory_app.orderitem", "pk": 35, "fields": {"product": 16, "quantity": 22, "timestamp": "2024-12-06T00:36:18.848"}}, {"model": "inventory_app.orderitem", "pk": 36, "fields": {"product": 13, "quantity": 3, "timestamp": "2024-12-06T08:51:06.109"}}, {"model": "inventory_app.orderitem", "pk": 37, "fields": {"product": 5, "quantity": 4, "timestamp": "2024-12-06T08:51:30.005"}}, {"model": "inventory_app.orderitem", "pk": 38, "fields": {"product": 12, "quantity": 6, "timestamp": "2024-12-07T12:11:43.740"}}, {"model": "inventory_app.orderitem", "pk": 39, "fields": {"product": 11, "quantity": 15, "timestamp": "2024-12-07T12:31:25.466"}}, {"model": "inventory_app.orderitem", "pk": 40, "fields": {"product": 13, "quantity": 23, "timestamp": "2024-12-07T12:34:05.039"}}, {"model": "inventory_app.orderitem", "pk": 41, "fields": {"product": 11, "quantity": 55, "timestamp": "2024-12-07T12:51:55.507"}}, {"model": "inventory_app.orderitem", "pk": 42, "fields": {"product": 15, "quantity": 1, "timestamp": "2024-12-07T12:51:55.756"}}, {"model": "inventory_app.orderitem", "pk": 43, "fields": {"product": 5, "quantity": 35, "timestamp": "2024-12-07T14:16:31.136"}}, {"model": "inventory_app.orderitem", "pk": 44, "fields": {"product": 7, "quantity": 5, "timestamp": "2024-12-07T14:17:31.849"}}, {"model": "inventory_app.orderitem", "pk": 45, "fields": {"product": 7, "quantity": 4, "timestamp": "2024-12-07T14:18:03.104"}}, {"model": "inventory_app.orderitem", "pk": 46, "fields": {"product": 12, "quantity": 15, "timestamp": "2024-12-07T14:20:05.599"}}, {"model": "inventory_app.orderitem", "pk": 47, "fields": {"product": 8, "quantity": 1, "timestamp": "2024-12-14T21:33:01.674"}}, {"model": "inventory_app.orderitem", "pk": 48, "fields": {"product": 14, "quantity": 1, "timestamp": "2024-12-14T21:33:02.073"}}, {"model": "inventory_app.orderitem", "pk": 49, "fields": {"product": 6, "quantity": 4, "timestamp": "2024-12-14T21:40:33.032"}}, {"model": "inventory_app.orderitem", "pk": 50, "fields": {"product": 14, "quantity": 5, "timestamp": "2024-12-14T22:05:05.729"}}, {"model": "inventory_app.orderitem", "pk": 51, "fields": {"product": 8, "quantity": 3, "timestamp": "2024-12-14T22:07:26.041"}}, {"model": "inventory_app.orderitem", "pk": 52, "fields": {"product": 8, "quantity": 1, "timestamp": "2024-12-16T11:23:17.501"}}, {"model": "inventory_app.orderitem", "pk": 53, "fields": {"product": 14, "quantity": 1, "timestamp": "2024-12-16T11:23:18.000"}}, {"model": "inventory_app.orderitem", "pk": 54, "fields": {"product": 16, "quantity": 1, "timestamp": "2024-12-16T11:23:18.591"}}, {"model": "inventory_app.orderitem", "pk": 55, "fields": {"product": 16, "quantity": 2, "timestamp": "2024-12-16T18:44:44.282"}}, {"model": "inventory_app.orderitem", "pk": 56, "fields": {"product": 10, "quantity": 1, "timestamp": "2024-12-16T18:44:44.713"}}, {"model": "inventory_app.orderitem", "pk": 57, "fields": {"product": 9, "quantity": 5, "timestamp": "2024-12-16T18:44:45.105"}}, {"model": "inventory_app.orderitem", "pk": 58, "fields": {"product": 16, "quantity": 2, "timestamp": "2024-12-16T18:49:40.444"}}, {"model": "inventory_app.orderitem", "pk": 59, "fields": {"product": 10, "quantity": 1, "timestamp": "2024-12-16T18:49:40.831"}}, {"model": "inventory_app.orderitem", "pk": 60, "fields": {"product": 9, "quantity": 5, "timestamp": "2024-12-16T18:49:41.290"}}, {"model": "inventory_app.orderitem", "pk": 61, "fields": {"product": 16, "quantity": 2, "timestamp": "2024-12-16T18:52:02.559"}}, {"model": "inventory_app.orderitem", "pk": 62, "fields": {"product": 10, "quantity": 1, "timestamp": "2024-12-16T18:52:03.078"}}, {"model": "inventory_app.orderitem", "pk": 63, "fields": {"product": 15, "quantity": 1, "timestamp": "2024-12-16T18:52:03.329"}}, {"model": "inventory_app.orderitem", "pk": 64, "fields": {"product": 16, "quantity": 2, "timestamp": "2024-12-16T18:54:10.603"}}, {"model": "inventory_app.orderitem", "pk": 65, "fields": {"product": 15, "quantity": 1, "timestamp": "2024-12-16T18:54:11.147"}}, {"model": "inventory_app.orderitem", "pk": 66, "fields": {"product": 14, "quantity": 1, "timestamp": "2024-12-16T18:56:43.386"}}, {"model": "inventory_app.orderitem", "pk": 67, "fields": {"product": 13, "quantity": 10, "timestamp": "2024-12-16T18:56:43.693"}}, {"model": "inventory_app.orderitem", "pk": 68, "fields": {"product": 14, "quantity": 1, "timestamp": "2024-12-16T18:59:04.557"}}, {"model": "inventory_app.orderitem", "pk": 69, "fields": {"product": 15, "quantity": 6, "timestamp": "2024-12-16T18:59:04.990"}}, {"model": "inventory_app.orderitem", "pk": 70, "fields": {"product": 14, "quantity": 1, "timestamp": "2024-12-16T19:00:41.237"}}, {"model": "inventory_app.orderitem", "pk": 71, "fields": {"product": 15, "quantity": 6, "timestamp": "2024-12-16T19:00:41.547"}}, {"model": "inventory_app.orderitem", "pk": 72, "fields": {"product": 5, "quantity": 1, "timestamp": "2024-12-17T09:25:52.205"}}, {"model": "inventory_app.orderitem", "pk": 73, "fields": {"product": 8, "quantity": 1, "timestamp": "2024-12-17T09:25:52.477"}}, {"model": "inventory_app.orderitem", "pk": 74, "fields": {"product": 6, "quantity": 1, "timestamp": "2024-12-17T17:57:08.682"}}, {"model": "inventory_app.orderitem", "pk": 75, "fields": {"product": 14, "quantity": 7, "timestamp": "2024-12-17T17:59:46.307"}}, {"model": "inventory_app.receiveremail", "pk": 4, "fields": {"admin_email": "abu.adams120@gmail.com"}}, {"model": "inventory_app.lowstocknotification", "pk": 1, "fields": {"product": 7, "created_at": "2024-11-28T05:38:35.353", "resolved": true}}, {"model": "inventory_app.lowstocknotification", "pk": 2, "fields": {"product": 3, "created_at": "2024-11-28T12:56:37.458", "resolved": true}}, {"model": "inventory_app.lowstocknotification", "pk": 3, "fields": {"product": 10, "created_at": "2024-11-29T18:54:32.982", "resolved": true}}, {"model": "inventory_app.lowstocknotification", "pk": 4, "fields": {"product": 12, "created_at": "2024-11-29T19:11:22.643", "resolved": true}}, {"model": "inventory_app.lowstocknotification", "pk": 5, "fields": {"product": 15, "created_at": "2024-12-02T21:03:36.986", "resolved": true}}, {"model": "inventory_app.lowstocknotification", "pk": 6, "fields": {"product": 5, "created_at": "2024-12-02T21:06:52.760", "resolved": true}}, {"model": "inventory_app.lowstocknotification", "pk": 7, "fields": {"product": 6, "created_at": "2024-12-06T00:36:15.258", "resolved": true}}, {"model": "inventory_app.lowstocknotification", "pk": 8, "fields": {"product": 16, "created_at": "2024-12-06T00:36:19.249", "resolved": true}}, {"model": "inventory_app.lowstocknotification", "pk": 9, "fields": {"product": 11, "created_at": "2024-12-07T12:31:25.345", "resolved": true}}, {"model": "inventory_app.lowstocknotification", "pk": 10, "fields": {"product": 13, "created_at": "2024-12-07T12:34:04.875", "resolved": true}}, {"model": "inventory_app.lowstocknotification", "pk": 11, "fields": {"product": 11, "created_at": "2024-12-07T12:51:54.538", "resolved": true}}, {"model": "inventory_app.lowstocknotification", "pk": 12, "fields": {"product": 5, "created_at": "2024-12-07T14:16:31.495", "resolved": true}}, {"model": "inventory_app.lowstocknotification", "pk": 13, "fields": {"product": 7, "created_at": "2024-12-07T14:18:02.961", "resolved": true}}, {"model": "inventory_app.lowstocknotification", "pk": 14, "fields": {"product": 12, "created_at": "2024-12-07T14:20:05.823", "resolved": true}}, {"model": "inventory_app.lowstocknotification", "pk": 15, "fields": {"product": 6, "created_at": "2024-12-14T21:40:33.299", "resolved": false}}, {"model": "inventory_app.lowstocknotification", "pk": 16, "fields": {"product": 10, "created_at": "2024-12-16T18:49:41.086", "resolved": true}}, {"model": "inventory_app.lowstocknotification", "pk": 17, "fields": {"product": 9, "created_at": "2024-12-16T18:49:41.550", "resolved": false}}, {"model": "inventory_app.lowstocknotification", "pk": 18, "fields": {"product": 16, "created_at": "2024-12-16T18:52:02.951", "resolved": false}}, {"model": "inventory_app.lowstocknotification", "pk": 19, "fields": {"product": 13, "created_at": "2024-12-16T18:56:43.243", "resolved": false}}, {"model": "inventory_app.lowstocknotification", "pk": 20, "fields": {"product": 14, "created_at": "2024-12-16T18:59:03.823", "resolved": false}}, {"model": "inventory_app.lowstocknotification", "pk": 21, "fields": {"product": 15, "created_at": "2024-12-16T18:59:05.449", "resolved": false}}]